{
    "items": [
        {
            "tiempo_total": 2.959976,
            "promedio": 0.493329,
            "min": 0.417731,
            "max": 0.645837
        }
    ]
}